"filename", "language", "Properties", "Markdown", "JSON", "Python", "JavaScript", "pip requirements", "MS SQL", "JSON with Comments", "vue", "HTML", "JavaScript JSX", "comment", "blank", "total"
"/Users/chenle/Documents/Python/AmbuSmart/AmbuSmart/.env", "Properties", 6, 0, 0, 0, 0, 0, 0, 0, 0, 0, 0, 2, 4, 12
"/Users/chenle/Documents/Python/AmbuSmart/AmbuSmart/.ipynb_checkpoints/Untitled-checkpoint.ipynb", "JSON", 0, 0, 6, 0, 0, 0, 0, 0, 0, 0, 0, 0, 1, 7
"/Users/chenle/Documents/Python/AmbuSmart/AmbuSmart/.ipynb_checkpoints/huggingface-checkpoint.ipynb", "JSON", 0, 0, 6, 0, 0, 0, 0, 0, 0, 0, 0, 0, 1, 7
"/Users/chenle/Documents/Python/AmbuSmart/AmbuSmart/.ipynb_checkpoints/main-checkpoint.py", "Python", 0, 0, 0, 5, 0, 0, 0, 0, 0, 0, 0, 0, 3, 8
"/Users/chenle/Documents/Python/AmbuSmart/AmbuSmart/README.md", "Markdown", 0, 206, 0, 0, 0, 0, 0, 0, 0, 0, 0, 0, 2, 208
"/Users/chenle/Documents/Python/AmbuSmart/AmbuSmart/Untitled.ipynb", "JSON", 0, 0, 439, 0, 0, 0, 0, 0, 0, 0, 0, 0, 1, 440
"/Users/chenle/Documents/Python/AmbuSmart/AmbuSmart/app/__init__.py", "Python", 0, 0, 0, 0, 0, 0, 0, 0, 0, 0, 0, 0, 1, 1
"/Users/chenle/Documents/Python/AmbuSmart/AmbuSmart/app/api/__init__.py", "Python", 0, 0, 0, 0, 0, 0, 0, 0, 0, 0, 0, 2, 2, 4
"/Users/chenle/Documents/Python/AmbuSmart/AmbuSmart/app/api/ambulance/ambulance_routers.py", "Python", 0, 0, 0, 35, 0, 0, 0, 0, 0, 0, 0, 3, 10, 48
"/Users/chenle/Documents/Python/AmbuSmart/AmbuSmart/app/api/ambulance/basic_check_routers.py", "Python", 0, 0, 0, 47, 0, 0, 0, 0, 0, 0, 0, 3, 12, 62
"/Users/chenle/Documents/Python/AmbuSmart/AmbuSmart/app/api/ambulance/operation_histories_routers.py", "Python", 0, 0, 0, 60, 0, 0, 0, 0, 0, 0, 0, 4, 15, 79
"/Users/chenle/Documents/Python/AmbuSmart/AmbuSmart/app/api/audio_router.py", "Python", 0, 0, 0, 179, 0, 0, 0, 0, 0, 0, 0, 8, 32, 219
"/Users/chenle/Documents/Python/AmbuSmart/AmbuSmart/app/api/chat.py", "Python", 0, 0, 0, 0, 0, 0, 0, 0, 0, 0, 0, 17, 4, 21
"/Users/chenle/Documents/Python/AmbuSmart/AmbuSmart/app/api/chat_router.py", "Python", 0, 0, 0, 255, 0, 0, 0, 0, 0, 0, 0, 15, 29, 299
"/Users/chenle/Documents/Python/AmbuSmart/AmbuSmart/app/api/check/check_histories_routers.py", "Python", 0, 0, 0, 29, 0, 0, 0, 0, 0, 0, 0, 0, 7, 36
"/Users/chenle/Documents/Python/AmbuSmart/AmbuSmart/app/api/check/check_routers.py", "Python", 0, 0, 0, 36, 0, 0, 0, 0, 0, 0, 0, 5, 10, 51
"/Users/chenle/Documents/Python/AmbuSmart/AmbuSmart/app/api/knowledgeGraph.py", "Python", 0, 0, 0, 153, 0, 0, 0, 0, 0, 0, 0, 12, 41, 206
"/Users/chenle/Documents/Python/AmbuSmart/AmbuSmart/app/api/medicine/medicine_histories_routers.py", "Python", 0, 0, 0, 29, 0, 0, 0, 0, 0, 0, 0, 0, 7, 36
"/Users/chenle/Documents/Python/AmbuSmart/AmbuSmart/app/api/medicine/medicine_routers.py", "Python", 0, 0, 0, 35, 0, 0, 0, 0, 0, 0, 0, 0, 10, 45
"/Users/chenle/Documents/Python/AmbuSmart/AmbuSmart/app/api/patient/allergy_routers.py", "Python", 0, 0, 0, 23, 0, 0, 0, 0, 0, 0, 0, 2, 5, 30
"/Users/chenle/Documents/Python/AmbuSmart/AmbuSmart/app/api/patient/medical_history_routers.py", "Python", 0, 0, 0, 23, 0, 0, 0, 0, 0, 0, 0, 2, 5, 30
"/Users/chenle/Documents/Python/AmbuSmart/AmbuSmart/app/api/patient/patient_routers.py", "Python", 0, 0, 0, 29, 0, 0, 0, 0, 0, 0, 0, 0, 6, 35
"/Users/chenle/Documents/Python/AmbuSmart/AmbuSmart/app/api/personnel/department_routers.py", "Python", 0, 0, 0, 29, 0, 0, 0, 0, 0, 0, 0, 0, 6, 35
"/Users/chenle/Documents/Python/AmbuSmart/AmbuSmart/app/api/personnel/health_personnel_router.py", "Python", 0, 0, 0, 47, 0, 0, 0, 0, 0, 0, 0, 1, 8, 56
"/Users/chenle/Documents/Python/AmbuSmart/AmbuSmart/app/api/record/case_history_routers.py", "Python", 0, 0, 0, 27, 0, 0, 0, 0, 0, 0, 0, 2, 6, 35
"/Users/chenle/Documents/Python/AmbuSmart/AmbuSmart/app/api/record/medical_record_routers.py", "Python", 0, 0, 0, 27, 0, 0, 0, 0, 0, 0, 0, 2, 6, 35
"/Users/chenle/Documents/Python/AmbuSmart/AmbuSmart/app/api/users.py", "Python", 0, 0, 0, 0, 0, 0, 0, 0, 0, 0, 0, 59, 11, 70
"/Users/chenle/Documents/Python/AmbuSmart/AmbuSmart/app/core/__init__.py", "Python", 0, 0, 0, 0, 0, 0, 0, 0, 0, 0, 0, 0, 1, 1
"/Users/chenle/Documents/Python/AmbuSmart/AmbuSmart/app/core/config.py", "Python", 0, 0, 0, 6, 0, 0, 0, 0, 0, 0, 0, 9, 6, 21
"/Users/chenle/Documents/Python/AmbuSmart/AmbuSmart/app/core/logger.py", "Python", 0, 0, 0, 12, 0, 0, 0, 0, 0, 0, 0, 0, 1, 13
"/Users/chenle/Documents/Python/AmbuSmart/AmbuSmart/app/crud/__init__.py", "Python", 0, 0, 0, 0, 0, 0, 0, 0, 0, 0, 0, 0, 1, 1
"/Users/chenle/Documents/Python/AmbuSmart/AmbuSmart/app/crud/ambulance/basic_check.py", "Python", 0, 0, 0, 17, 0, 0, 0, 0, 0, 0, 0, 0, 7, 24
"/Users/chenle/Documents/Python/AmbuSmart/AmbuSmart/app/crud/ambulance/crud_ambulance.py", "Python", 0, 0, 0, 17, 0, 0, 0, 0, 0, 0, 0, 0, 7, 24
"/Users/chenle/Documents/Python/AmbuSmart/AmbuSmart/app/crud/ambulance/crud_operation_history.py", "Python", 0, 0, 0, 31, 0, 0, 0, 0, 0, 0, 0, 0, 10, 41
"/Users/chenle/Documents/Python/AmbuSmart/AmbuSmart/app/crud/case_history.py", "Python", 0, 0, 0, 17, 0, 0, 0, 0, 0, 0, 0, 0, 5, 22
"/Users/chenle/Documents/Python/AmbuSmart/AmbuSmart/app/crud/chat.py", "Python", 0, 0, 0, 121, 0, 0, 0, 0, 0, 0, 0, 13, 16, 150
"/Users/chenle/Documents/Python/AmbuSmart/AmbuSmart/app/crud/check/check_crud.py", "Python", 0, 0, 0, 17, 0, 0, 0, 0, 0, 0, 0, 0, 8, 25
"/Users/chenle/Documents/Python/AmbuSmart/AmbuSmart/app/crud/check/check_histories_crud.py", "Python", 0, 0, 0, 15, 0, 0, 0, 0, 0, 0, 0, 0, 6, 21
"/Users/chenle/Documents/Python/AmbuSmart/AmbuSmart/app/crud/crud_allergy.py", "Python", 0, 0, 0, 13, 0, 0, 0, 0, 0, 0, 0, 2, 4, 19
"/Users/chenle/Documents/Python/AmbuSmart/AmbuSmart/app/crud/crud_department.py", "Python", 0, 0, 0, 15, 0, 0, 0, 0, 0, 0, 0, 2, 5, 22
"/Users/chenle/Documents/Python/AmbuSmart/AmbuSmart/app/crud/crud_patient.py", "Python", 0, 0, 0, 15, 0, 0, 0, 0, 0, 0, 0, 2, 5, 22
"/Users/chenle/Documents/Python/AmbuSmart/AmbuSmart/app/crud/health_personnel.py", "Python", 0, 0, 0, 22, 0, 0, 0, 0, 0, 0, 0, 2, 8, 32
"/Users/chenle/Documents/Python/AmbuSmart/AmbuSmart/app/crud/medical_history.py", "Python", 0, 0, 0, 22, 0, 0, 0, 0, 0, 0, 0, 9, 6, 37
"/Users/chenle/Documents/Python/AmbuSmart/AmbuSmart/app/crud/medical_record.py", "Python", 0, 0, 0, 17, 0, 0, 0, 0, 0, 0, 0, 1, 6, 24
"/Users/chenle/Documents/Python/AmbuSmart/AmbuSmart/app/crud/medicine/medicine_crud.py", "Python", 0, 0, 0, 17, 0, 0, 0, 0, 0, 0, 0, 0, 8, 25
"/Users/chenle/Documents/Python/AmbuSmart/AmbuSmart/app/crud/medicine/medicine_histories_crud.py", "Python", 0, 0, 0, 15, 0, 0, 0, 0, 0, 0, 0, 0, 6, 21
"/Users/chenle/Documents/Python/AmbuSmart/AmbuSmart/app/db/__init__.py", "Python", 0, 0, 0, 0, 0, 0, 0, 0, 0, 0, 0, 0, 1, 1
"/Users/chenle/Documents/Python/AmbuSmart/AmbuSmart/app/db/base.py", "Python", 0, 0, 0, 2, 0, 0, 0, 0, 0, 0, 0, 3, 1, 6
"/Users/chenle/Documents/Python/AmbuSmart/AmbuSmart/app/db/session.py", "Python", 0, 0, 0, 8, 0, 0, 0, 0, 0, 0, 0, 28, 9, 45
"/Users/chenle/Documents/Python/AmbuSmart/AmbuSmart/app/main.py", "Python", 0, 0, 0, 64, 0, 0, 0, 0, 0, 0, 0, 17, 20, 101
"/Users/chenle/Documents/Python/AmbuSmart/AmbuSmart/app/models/__init__.py", "Python", 0, 0, 0, 0, 0, 0, 0, 0, 0, 0, 0, 0, 1, 1
"/Users/chenle/Documents/Python/AmbuSmart/AmbuSmart/app/models/allergy.py", "Python", 0, 0, 0, 11, 0, 0, 0, 0, 0, 0, 0, 1, 3, 15
"/Users/chenle/Documents/Python/AmbuSmart/AmbuSmart/app/models/ambulance.py", "Python", 0, 0, 0, 14, 0, 0, 0, 0, 0, 0, 0, 4, 6, 24
"/Users/chenle/Documents/Python/AmbuSmart/AmbuSmart/app/models/basic_check.py", "Python", 0, 0, 0, 16, 0, 0, 0, 0, 0, 0, 0, 4, 3, 23
"/Users/chenle/Documents/Python/AmbuSmart/AmbuSmart/app/models/case_history.py", "Python", 0, 0, 0, 20, 0, 0, 0, 0, 0, 0, 0, 1, 3, 24
"/Users/chenle/Documents/Python/AmbuSmart/AmbuSmart/app/models/chat.py", "Python", 0, 0, 0, 11, 0, 0, 0, 0, 0, 0, 0, 0, 4, 15
"/Users/chenle/Documents/Python/AmbuSmart/AmbuSmart/app/models/check/check.py", "Python", 0, 0, 0, 11, 0, 0, 0, 0, 0, 0, 0, 0, 5, 16
"/Users/chenle/Documents/Python/AmbuSmart/AmbuSmart/app/models/check/check_histories.py", "Python", 0, 0, 0, 14, 0, 0, 0, 0, 0, 0, 0, 0, 3, 17
"/Users/chenle/Documents/Python/AmbuSmart/AmbuSmart/app/models/check/check_relationship.py", "Python", 0, 0, 0, 13, 0, 0, 0, 0, 0, 0, 0, 0, 5, 18
"/Users/chenle/Documents/Python/AmbuSmart/AmbuSmart/app/models/department.py", "Python", 0, 0, 0, 11, 0, 0, 0, 0, 0, 0, 0, 1, 4, 16
"/Users/chenle/Documents/Python/AmbuSmart/AmbuSmart/app/models/health_personnel.py", "Python", 0, 0, 0, 15, 0, 0, 0, 0, 0, 0, 0, 1, 4, 20
"/Users/chenle/Documents/Python/AmbuSmart/AmbuSmart/app/models/medical_history.py", "Python", 0, 0, 0, 11, 0, 0, 0, 0, 0, 0, 0, 0, 3, 14
"/Users/chenle/Documents/Python/AmbuSmart/AmbuSmart/app/models/medical_record.py", "Python", 0, 0, 0, 30, 0, 0, 0, 0, 0, 0, 0, 1, 3, 34
"/Users/chenle/Documents/Python/AmbuSmart/AmbuSmart/app/models/medicine/medicine.py", "Python", 0, 0, 0, 14, 0, 0, 0, 0, 0, 0, 0, 0, 3, 17
"/Users/chenle/Documents/Python/AmbuSmart/AmbuSmart/app/models/medicine/medicine_histories.py", "Python", 0, 0, 0, 14, 0, 0, 0, 0, 0, 0, 0, 0, 3, 17
"/Users/chenle/Documents/Python/AmbuSmart/AmbuSmart/app/models/medicine/medicine_relationship.py", "Python", 0, 0, 0, 13, 0, 0, 0, 0, 0, 0, 0, 2, 4, 19
"/Users/chenle/Documents/Python/AmbuSmart/AmbuSmart/app/models/message.py", "Python", 0, 0, 0, 3, 0, 0, 0, 0, 0, 0, 0, 0, 2, 5
"/Users/chenle/Documents/Python/AmbuSmart/AmbuSmart/app/models/operation_history.py", "Python", 0, 0, 0, 39, 0, 0, 0, 0, 0, 0, 0, 3, 3, 45
"/Users/chenle/Documents/Python/AmbuSmart/AmbuSmart/app/models/patient.py", "Python", 0, 0, 0, 17, 0, 0, 0, 0, 0, 0, 0, 2, 3, 22
"/Users/chenle/Documents/Python/AmbuSmart/AmbuSmart/app/models/users.py", "Python", 0, 0, 0, 8, 0, 0, 0, 0, 0, 0, 0, 0, 3, 11
"/Users/chenle/Documents/Python/AmbuSmart/AmbuSmart/app/schemas/__init__.py", "Python", 0, 0, 0, 0, 0, 0, 0, 0, 0, 0, 0, 0, 1, 1
"/Users/chenle/Documents/Python/AmbuSmart/AmbuSmart/app/schemas/allergy.py", "Python", 0, 0, 0, 13, 0, 0, 0, 0, 0, 0, 0, 0, 5, 18
"/Users/chenle/Documents/Python/AmbuSmart/AmbuSmart/app/schemas/ambulance/ambulance.py", "Python", 0, 0, 0, 16, 0, 0, 0, 0, 0, 0, 0, 0, 5, 21
"/Users/chenle/Documents/Python/AmbuSmart/AmbuSmart/app/schemas/ambulance/basic_check.py", "Python", 0, 0, 0, 19, 0, 0, 0, 0, 0, 0, 0, 1, 5, 25
"/Users/chenle/Documents/Python/AmbuSmart/AmbuSmart/app/schemas/ambulance/operation_history.py", "Python", 0, 0, 0, 50, 0, 0, 0, 0, 0, 0, 0, 0, 7, 57
"/Users/chenle/Documents/Python/AmbuSmart/AmbuSmart/app/schemas/case_history.py", "Python", 0, 0, 0, 31, 0, 0, 0, 0, 0, 0, 0, 1, 8, 40
"/Users/chenle/Documents/Python/AmbuSmart/AmbuSmart/app/schemas/chat.py", "Python", 0, 0, 0, 17, 0, 0, 0, 0, 0, 0, 0, 0, 5, 22
"/Users/chenle/Documents/Python/AmbuSmart/AmbuSmart/app/schemas/check/check.py", "Python", 0, 0, 0, 14, 0, 0, 0, 0, 0, 0, 0, 0, 4, 18
"/Users/chenle/Documents/Python/AmbuSmart/AmbuSmart/app/schemas/check/check_histories.py", "Python", 0, 0, 0, 17, 0, 0, 0, 0, 0, 0, 0, 0, 4, 21
"/Users/chenle/Documents/Python/AmbuSmart/AmbuSmart/app/schemas/check/check_relationship.py", "Python", 0, 0, 0, 11, 0, 0, 0, 0, 0, 0, 0, 0, 4, 15
"/Users/chenle/Documents/Python/AmbuSmart/AmbuSmart/app/schemas/department.py", "Python", 0, 0, 0, 13, 0, 0, 0, 0, 0, 0, 0, 0, 5, 18
"/Users/chenle/Documents/Python/AmbuSmart/AmbuSmart/app/schemas/health_personnel.py", "Python", 0, 0, 0, 17, 0, 0, 0, 0, 0, 0, 0, 2, 6, 25
"/Users/chenle/Documents/Python/AmbuSmart/AmbuSmart/app/schemas/medical_history.py", "Python", 0, 0, 0, 14, 0, 0, 0, 0, 0, 0, 0, 0, 4, 18
"/Users/chenle/Documents/Python/AmbuSmart/AmbuSmart/app/schemas/medical_record.py", "Python", 0, 0, 0, 41, 0, 0, 0, 0, 0, 0, 0, 2, 8, 51
"/Users/chenle/Documents/Python/AmbuSmart/AmbuSmart/app/schemas/medicine/medicine.py", "Python", 0, 0, 0, 17, 0, 0, 0, 0, 0, 0, 0, 0, 6, 23
"/Users/chenle/Documents/Python/AmbuSmart/AmbuSmart/app/schemas/medicine/medicine_histories.py", "Python", 0, 0, 0, 17, 0, 0, 0, 0, 0, 0, 0, 0, 5, 22
"/Users/chenle/Documents/Python/AmbuSmart/AmbuSmart/app/schemas/medicine/medicine_relationship.py", "Python", 0, 0, 0, 11, 0, 0, 0, 0, 0, 0, 0, 0, 4, 15
"/Users/chenle/Documents/Python/AmbuSmart/AmbuSmart/app/schemas/patient.py", "Python", 0, 0, 0, 27, 0, 0, 0, 0, 0, 0, 0, 6, 9, 42
"/Users/chenle/Documents/Python/AmbuSmart/AmbuSmart/app/services/__init__.py", "Python", 0, 0, 0, 0, 0, 0, 0, 0, 0, 0, 0, 0, 1, 1
"/Users/chenle/Documents/Python/AmbuSmart/AmbuSmart/app/services/allergy_service.py", "Python", 0, 0, 0, 9, 0, 0, 0, 0, 0, 0, 0, 2, 4, 15
"/Users/chenle/Documents/Python/AmbuSmart/AmbuSmart/app/services/ambulance/ambulance.py", "Python", 0, 0, 0, 13, 0, 0, 0, 0, 0, 0, 0, 1, 6, 20
"/Users/chenle/Documents/Python/AmbuSmart/AmbuSmart/app/services/ambulance/basic_check.py", "Python", 0, 0, 0, 13, 0, 0, 0, 0, 0, 0, 0, 1, 6, 20
"/Users/chenle/Documents/Python/AmbuSmart/AmbuSmart/app/services/ambulance/operation_histories_sevice.py", "Python", 0, 0, 0, 38, 0, 0, 0, 0, 0, 0, 0, 6, 17, 61
"/Users/chenle/Documents/Python/AmbuSmart/AmbuSmart/app/services/case_history_service.py", "Python", 0, 0, 0, 53, 0, 0, 0, 0, 0, 0, 0, 4, 12, 69
"/Users/chenle/Documents/Python/AmbuSmart/AmbuSmart/app/services/chat_service.py", "Python", 0, 0, 0, 203, 0, 0, 0, 0, 0, 0, 0, 31, 40, 274
"/Users/chenle/Documents/Python/AmbuSmart/AmbuSmart/app/services/check/check_histories_service.py", "Python", 0, 0, 0, 11, 0, 0, 0, 0, 0, 0, 0, 0, 5, 16
"/Users/chenle/Documents/Python/AmbuSmart/AmbuSmart/app/services/check/check_service.py", "Python", 0, 0, 0, 13, 0, 0, 0, 0, 0, 0, 0, 1, 6, 20
"/Users/chenle/Documents/Python/AmbuSmart/AmbuSmart/app/services/department_service.py", "Python", 0, 0, 0, 11, 0, 0, 0, 0, 0, 0, 0, 2, 5, 18
"/Users/chenle/Documents/Python/AmbuSmart/AmbuSmart/app/services/gpt_service.py", "Python", 0, 0, 0, 0, 0, 0, 0, 0, 0, 0, 0, 42, 8, 50
"/Users/chenle/Documents/Python/AmbuSmart/AmbuSmart/app/services/health_personnel.py", "Python", 0, 0, 0, 17, 0, 0, 0, 0, 0, 0, 0, 2, 8, 27
"/Users/chenle/Documents/Python/AmbuSmart/AmbuSmart/app/services/medical_history_service.py", "Python", 0, 0, 0, 9, 0, 0, 0, 0, 0, 0, 0, 2, 4, 15
"/Users/chenle/Documents/Python/AmbuSmart/AmbuSmart/app/services/medical_record_service.py", "Python", 0, 0, 0, 53, 0, 0, 0, 0, 0, 0, 0, 8, 10, 71
"/Users/chenle/Documents/Python/AmbuSmart/AmbuSmart/app/services/medicine/medicine_histories_service.py", "Python", 0, 0, 0, 11, 0, 0, 0, 0, 0, 0, 0, 0, 5, 16
"/Users/chenle/Documents/Python/AmbuSmart/AmbuSmart/app/services/medicine/medicine_service.py", "Python", 0, 0, 0, 13, 0, 0, 0, 0, 0, 0, 0, 1, 6, 20
"/Users/chenle/Documents/Python/AmbuSmart/AmbuSmart/app/services/patient_service.py", "Python", 0, 0, 0, 11, 0, 0, 0, 0, 0, 0, 0, 2, 5, 18
"/Users/chenle/Documents/Python/AmbuSmart/AmbuSmart/app/tests/__init__.py", "Python", 0, 0, 0, 0, 0, 0, 0, 0, 0, 0, 0, 0, 1, 1
"/Users/chenle/Documents/Python/AmbuSmart/AmbuSmart/app/utils/__init__.py", "Python", 0, 0, 0, 0, 0, 0, 0, 0, 0, 0, 0, 0, 1, 1
"/Users/chenle/Documents/Python/AmbuSmart/AmbuSmart/app/utils/database_backup0325.sql", "MS SQL", 0, 0, 0, 0, 0, 0, 1240, 0, 0, 0, 0, 129, 41, 1410
"/Users/chenle/Documents/Python/AmbuSmart/AmbuSmart/app/utils/database_backup0330.sql", "MS SQL", 0, 0, 0, 0, 0, 0, 1332, 0, 0, 0, 0, 135, 43, 1510
"/Users/chenle/Documents/Python/AmbuSmart/AmbuSmart/app/utils/prompts.py", "Python", 0, 0, 0, 101, 0, 0, 0, 0, 0, 0, 0, 3, 17, 121
"/Users/chenle/Documents/Python/AmbuSmart/AmbuSmart/app/utils/requirements.txt", "pip requirements", 0, 0, 0, 0, 0, 86, 0, 0, 0, 0, 0, 0, 1, 87
"/Users/chenle/Documents/Python/AmbuSmart/AmbuSmart/frontend/.env", "Properties", 3, 0, 0, 0, 0, 0, 0, 0, 0, 0, 0, 0, 2, 5
"/Users/chenle/Documents/Python/AmbuSmart/AmbuSmart/frontend/README.md", "Markdown", 0, 19, 0, 0, 0, 0, 0, 0, 0, 0, 0, 0, 6, 25
"/Users/chenle/Documents/Python/AmbuSmart/AmbuSmart/frontend/babel.config.js", "JavaScript", 0, 0, 0, 0, 12, 0, 0, 0, 0, 0, 0, 0, 1, 13
"/Users/chenle/Documents/Python/AmbuSmart/AmbuSmart/frontend/jsconfig.json", "JSON with Comments", 0, 0, 0, 0, 0, 0, 0, 22, 0, 0, 0, 0, 1, 23
"/Users/chenle/Documents/Python/AmbuSmart/AmbuSmart/frontend/package-lock.json", "JSON", 0, 0, 15276, 0, 0, 0, 0, 0, 0, 0, 0, 0, 1, 15277
"/Users/chenle/Documents/Python/AmbuSmart/AmbuSmart/frontend/package.json", "JSON", 0, 0, 76, 0, 0, 0, 0, 0, 0, 0, 0, 0, 1, 77
"/Users/chenle/Documents/Python/AmbuSmart/AmbuSmart/frontend/public/index.html", "HTML", 0, 0, 0, 0, 0, 0, 0, 0, 0, 16, 0, 1, 1, 18
"/Users/chenle/Documents/Python/AmbuSmart/AmbuSmart/frontend/src/App.vue", "vue", 0, 0, 0, 0, 0, 0, 0, 0, 30, 0, 0, 0, 4, 34
"/Users/chenle/Documents/Python/AmbuSmart/AmbuSmart/frontend/src/components/CoreButtoms/KeywordsGraph.vue", "vue", 0, 0, 0, 0, 0, 0, 0, 0, 236, 0, 0, 0, 42, 278
"/Users/chenle/Documents/Python/AmbuSmart/AmbuSmart/frontend/src/components/CoreButtoms/PatientInfo.vue", "vue", 0, 0, 0, 0, 0, 0, 0, 0, 543, 0, 0, 13, 56, 612
"/Users/chenle/Documents/Python/AmbuSmart/AmbuSmart/frontend/src/components/CoreButtoms/basicCheckDialogue.vue", "vue", 0, 0, 0, 0, 0, 0, 0, 0, 272, 0, 0, 1, 25, 298
"/Users/chenle/Documents/Python/AmbuSmart/AmbuSmart/frontend/src/components/CoreButtoms/caseHistoryTable.vue", "vue", 0, 0, 0, 0, 0, 0, 0, 0, 121, 0, 0, 5, 28, 154
"/Users/chenle/Documents/Python/AmbuSmart/AmbuSmart/frontend/src/components/CoreButtoms/medicalRecordTable.vue", "vue", 0, 0, 0, 0, 0, 0, 0, 0, 152, 0, 0, 5, 30, 187
"/Users/chenle/Documents/Python/AmbuSmart/AmbuSmart/frontend/src/components/CoreButtoms/operationHistoryTable.vue", "vue", 0, 0, 0, 0, 0, 0, 0, 0, 440, 0, 0, 11, 70, 521
"/Users/chenle/Documents/Python/AmbuSmart/AmbuSmart/frontend/src/components/CoreButtoms/scoreTableDialogue.vue", "vue", 0, 0, 0, 0, 0, 0, 0, 0, 64, 0, 0, 6, 14, 84
"/Users/chenle/Documents/Python/AmbuSmart/AmbuSmart/frontend/src/components/CoreButtoms/timeLineButtom.vue", "vue", 0, 0, 0, 0, 0, 0, 0, 0, 148, 0, 0, 0, 18, 166
"/Users/chenle/Documents/Python/AmbuSmart/AmbuSmart/frontend/src/components/Independent.jsx", "JavaScript JSX", 0, 0, 0, 0, 0, 0, 0, 0, 0, 0, 384, 46, 68, 498
"/Users/chenle/Documents/Python/AmbuSmart/AmbuSmart/frontend/src/components/MyReactComponent.jsx", "JavaScript JSX", 0, 0, 0, 0, 0, 0, 0, 0, 0, 0, 12, 2, 4, 18
"/Users/chenle/Documents/Python/AmbuSmart/AmbuSmart/frontend/src/components/NavigationBars.vue", "vue", 0, 0, 0, 0, 0, 0, 0, 0, 125, 0, 0, 0, 26, 151
"/Users/chenle/Documents/Python/AmbuSmart/AmbuSmart/frontend/src/components/ScoreValueForm/CerebralStroke.vue", "vue", 0, 0, 0, 0, 0, 0, 0, 0, 83, 0, 0, 0, 10, 93
"/Users/chenle/Documents/Python/AmbuSmart/AmbuSmart/frontend/src/components/ScoreValueForm/GcsScore.vue", "vue", 0, 0, 0, 0, 0, 0, 0, 0, 238, 0, 0, 10, 27, 275
"/Users/chenle/Documents/Python/AmbuSmart/AmbuSmart/frontend/src/components/ScoreValueForm/KillipScore.vue", "vue", 0, 0, 0, 0, 0, 0, 0, 0, 204, 0, 0, 5, 18, 227
"/Users/chenle/Documents/Python/AmbuSmart/AmbuSmart/frontend/src/components/ScoreValueForm/TiScore.vue", "vue", 0, 0, 0, 0, 0, 0, 0, 0, 253, 0, 0, 13, 24, 290
"/Users/chenle/Documents/Python/AmbuSmart/AmbuSmart/frontend/src/components/Stat/ChatWordCloud.vue", "vue", 0, 0, 0, 0, 0, 0, 0, 0, 135, 0, 0, 0, 16, 151
"/Users/chenle/Documents/Python/AmbuSmart/AmbuSmart/frontend/src/components/Stat/ConsistencyAnalysis.vue", "vue", 0, 0, 0, 0, 0, 0, 0, 0, 122, 0, 0, 0, 13, 135
"/Users/chenle/Documents/Python/AmbuSmart/AmbuSmart/frontend/src/components/Stat/FormSection.vue", "vue", 0, 0, 0, 0, 0, 0, 0, 0, 319, 0, 0, 5, 51, 375
"/Users/chenle/Documents/Python/AmbuSmart/AmbuSmart/frontend/src/components/Stat/SmartAdvice.vue", "vue", 0, 0, 0, 0, 0, 0, 0, 0, 129, 0, 0, 0, 17, 146
"/Users/chenle/Documents/Python/AmbuSmart/AmbuSmart/frontend/src/components/Stat/WordCloudChart.vue", "vue", 0, 0, 0, 0, 0, 0, 0, 0, 79, 0, 0, 0, 11, 90
"/Users/chenle/Documents/Python/AmbuSmart/AmbuSmart/frontend/src/components/utils/ExitComponent.vue", "vue", 0, 0, 0, 0, 0, 0, 0, 0, 41, 0, 0, 0, 10, 51
"/Users/chenle/Documents/Python/AmbuSmart/AmbuSmart/frontend/src/components/utils/KnowledgeGraph.vue", "vue", 0, 0, 0, 0, 0, 0, 0, 0, 263, 0, 0, 0, 45, 308
"/Users/chenle/Documents/Python/AmbuSmart/AmbuSmart/frontend/src/components/utils/mapComponent.vue", "vue", 0, 0, 0, 0, 0, 0, 0, 0, 41, 0, 0, 0, 3, 44
"/Users/chenle/Documents/Python/AmbuSmart/AmbuSmart/frontend/src/components/utils/withAliyunASR.jsx", "JavaScript JSX", 0, 0, 0, 0, 0, 0, 0, 0, 0, 0, 124, 24, 27, 175
"/Users/chenle/Documents/Python/AmbuSmart/AmbuSmart/frontend/src/main.js", "JavaScript", 0, 0, 0, 0, 11, 0, 0, 0, 0, 0, 0, 2, 4, 17
"/Users/chenle/Documents/Python/AmbuSmart/AmbuSmart/frontend/src/router/index.js", "JavaScript", 0, 0, 0, 0, 55, 0, 0, 0, 0, 0, 0, 6, 5, 66
"/Users/chenle/Documents/Python/AmbuSmart/AmbuSmart/frontend/src/services/api.js", "JavaScript", 0, 0, 0, 0, 5, 0, 0, 0, 0, 0, 0, 0, 3, 8
"/Users/chenle/Documents/Python/AmbuSmart/AmbuSmart/frontend/src/services/userService.js", "JavaScript", 0, 0, 0, 0, 14, 0, 0, 0, 0, 0, 0, 0, 4, 18
"/Users/chenle/Documents/Python/AmbuSmart/AmbuSmart/frontend/src/store/index.js", "JavaScript", 0, 0, 0, 0, 15, 0, 0, 0, 0, 0, 0, 0, 2, 17
"/Users/chenle/Documents/Python/AmbuSmart/AmbuSmart/frontend/src/views/AmbuCore.vue", "vue", 0, 0, 0, 0, 0, 0, 0, 0, 104, 0, 0, 3, 27, 134
"/Users/chenle/Documents/Python/AmbuSmart/AmbuSmart/frontend/src/views/AmbuFin.vue", "vue", 0, 0, 0, 0, 0, 0, 0, 0, 210, 0, 0, 0, 29, 239
"/Users/chenle/Documents/Python/AmbuSmart/AmbuSmart/frontend/src/views/AmbuMenu.vue", "vue", 0, 0, 0, 0, 0, 0, 0, 0, 231, 0, 0, 0, 12, 243
"/Users/chenle/Documents/Python/AmbuSmart/AmbuSmart/frontend/src/views/AmbuPatientInfo.vue", "vue", 0, 0, 0, 0, 0, 0, 0, 0, 407, 0, 0, 13, 37, 457
"/Users/chenle/Documents/Python/AmbuSmart/AmbuSmart/frontend/src/views/AmbuStart.vue", "vue", 0, 0, 0, 0, 0, 0, 0, 0, 410, 0, 0, 9, 35, 454
"/Users/chenle/Documents/Python/AmbuSmart/AmbuSmart/frontend/src/views/AmbuStat.vue", "vue", 0, 0, 0, 0, 0, 0, 0, 0, 77, 0, 0, 4, 14, 95
"/Users/chenle/Documents/Python/AmbuSmart/AmbuSmart/frontend/src/views/Chat.vue", "vue", 0, 0, 0, 0, 0, 0, 0, 0, 179, 0, 0, 0, 26, 205
"/Users/chenle/Documents/Python/AmbuSmart/AmbuSmart/frontend/src/views/HelloWorld.vue", "vue", 0, 0, 0, 0, 0, 0, 0, 0, 55, 0, 0, 1, 3, 59
"/Users/chenle/Documents/Python/AmbuSmart/AmbuSmart/frontend/src/views/HomePage.vue", "vue", 0, 0, 0, 0, 0, 0, 0, 0, 30, 0, 0, 0, 5, 35
"/Users/chenle/Documents/Python/AmbuSmart/AmbuSmart/frontend/src/views/UserManagement.vue", "vue", 0, 0, 0, 0, 0, 0, 0, 0, 72, 0, 0, 0, 3, 75
"/Users/chenle/Documents/Python/AmbuSmart/AmbuSmart/frontend/src/views/test.vue", "vue", 0, 0, 0, 0, 0, 0, 0, 0, 172, 0, 0, 4, 21, 197
"/Users/chenle/Documents/Python/AmbuSmart/AmbuSmart/frontend/vue.config.js", "JavaScript", 0, 0, 0, 0, 32, 0, 0, 0, 0, 0, 0, 0, 2, 34
"/Users/chenle/Documents/Python/AmbuSmart/AmbuSmart/huggingface.ipynb", "JSON", 0, 0, 195, 0, 0, 0, 0, 0, 0, 0, 0, 0, 1, 196
"Total", "-", 9, 225, 15998, 2740, 144, 86, 2572, 22, 5985, 16, 520, 820, 1710, 30847